{"A-A":{"A0":0.19282818600531182,"A1":0.3386510563414245,"p":14.047149048276193,"q":1.7244129575041542,"qsi":1.3229115197677885},"A-B":{"A0":0.10058835913837087,"A1":0.053214408470918045,"p":21.144581587428455,"q":1.6022085089554268,"qsi":1.9197070090043276},"B-B":{"A0":0.17629322101412342,"A1":0.07669541540133575,"p":8.60804869558392,"q":1.8304402670912194,"qsi":1.1500920060485011}}