{"A-A":{"A0":1.5e-323,"A1":6.95293770059095e-310,"p":6.9529314086768e-310,"q":6.94175672546533e-310,"qsi":0.0},"A-B":{"A0":5e-323,"A1":6.94175673083483e-310,"p":1e-323,"q":2.36872034e-315,"qsi":6.94175673068977e-310},"B-B":{"A0":6.9417567306475e-310,"A1":6.94175634049856e-310,"p":2.8399031103e-314,"q":6.95293770059095e-310,"qsi":6.95293770059174e-310}}