{"A-A":{"A0":6.90858169664564e-310,"A1":6.9527558254118e-310,"p":6.90871334912225e-310,"q":3.7011253e-317,"qsi":6.90871385486336e-310},"A-B":{"A0":6.9087138475408e-310,"A1":6.90871334589205e-310,"p":6.90858169664574e-310,"q":6.90858169664564e-310,"qsi":6.95275582541497e-310},"B-B":{"A0":6.9527558254225e-310,"A1":6.9087143729235e-310,"p":6.90871437839696e-310,"q":0.0,"qsi":6.9087142693981e-310}}