{
    "A-A": {
        "A0": 0.18994222519351056,
        "A1": 0.30090716029063097,
        "p": 13.2304888822355,
        "q": 1.6091938617323491,
        "qsi": 1.283277868087101
    },
    "A-B": {
        "A0": 0.0382540726515449,
        "A1": -0.35060244268756874,
        "p": 6.207947047164038,
        "q": 2.0157833731486203,
        "qsi": 1.0080125035665493
    },
    "B-B": {
        "A0": 0.20479676507755007,
        "A1": 1.1328976515160686e-06,
        "p": 9.746261047586575,
        "q": 3.1838509464799287,
        "qsi": 1.3763788991588988
    },
    "R_0": 2.8885312011470465,
    "final_energies": {
        "B": 1.0844563828674465,
        "C_11": 1.3182518332315207,
        "C_12": 0.9682002347866606,
        "C_44": 0.5096514756427013,
        "E_A": -319.7009744406567,
        "E_AB": -321.5537964031211,
        "E_adatom+surf_in": -308.1723444143523,
        "E_adatom+surf_on": -309.98588031721505,
        "E_c": -2.960194207783858,
        "E_coh_A": -2.960194207783858,
        "E_coh_B": -5.31,
        "E_dim_serf_in": -308.91508046984427,
        "E_dim_serf_on": -313.1221169565081,
        "E_in_dim": 0.21998865796308564,
        "E_on_dim": -0.35997602297527465,
        "E_sol": 0.4969838297517235,
        "E_surf_in": -307.2096197008973,
        "E_surf_on": -307.2096197008973
    }
}