{"B":1.880257281315258,"C_11":2.600259568302598,"C_12":1.5186196388292246,"C_44":1.3191321474218647,"E_c":-4.449784162214358}