{"A-A":{"A0":6.94529222382934e-310,"A1":6.95263883141943e-310,"p":6.9454511362586e-310,"q":3.7011253e-317,"qsi":6.9454516419997e-310},"A-B":{"A0":6.94545163467715e-310,"A1":6.9454511330284e-310,"p":6.94529222382944e-310,"q":6.94529222382934e-310,"qsi":6.9526388314226e-310},"B-B":{"A0":6.9526388314301e-310,"A1":6.94545216005984e-310,"p":6.9454521655333e-310,"q":0.0,"qsi":6.94545205653446e-310}}