{"A-A":{"A0":0.10294079795687489,"A1":0.14507078975183957,"p":15.496857857001363,"q":2.811006091913409,"qsi":1.1630296391945616},"A-B":{"A0":0.060284547956853896,"A1":0.19702391475186665,"p":20.21184809136559,"q":1.2002639044122294,"qsi":1.4106858891945355}}