{"A-A":{"A0":0.0,"A1":5e-323,"p":6.9043111247193e-310,"q":1e-323,"qsi":2.36872034e-315},"A-B":{"A0":6.90431112457425e-310,"A1":6.95323364231957e-310,"p":6.90431111944664e-310,"q":6.90431112453196e-310,"qsi":0.0}}