{
    "A-A": {
        "A0": 0.1104403180872745,
        "A1": -0.2601941457192164,
        "p": 5.747435542400471,
        "q": 2.8118160216664214,
        "qsi": 1.102282534053956
    },
    "A-B": {
        "A0": 0.2264312491332486,
        "A1": -1.0662194348657006,
        "p": 20.367909024482515,
        "q": 2.611292507734195,
        "qsi": 1.7269429911771967
    },
    "B-B": {
        "A0": 0.21866703660214717,
        "A1": 1.4098701941526636e-06,
        "p": 8.082524645900712,
        "q": 2.6072457287911095,
        "qsi": 1.853760125134696
    },
    "R_0": 2.8885312011470465,
    "final_energies": {
        "B": 1.0845819731074948,
        "C_11": 1.3167398638943926,
        "C_12": 0.968222324238828,
        "C_44": 0.5100557153139695,
        "E_A": -319.6369724656016,
        "E_AB": -321.49036369173405,
        "E_adatom+surf_in": -304.46792675108776,
        "E_adatom+surf_on": -306.3570976294432,
        "E_c": -2.9596015969037186,
        "E_coh_A": -2.9596015969037186,
        "E_coh_B": -5.31,
        "E_dim_serf_in": -306.0646399225398,
        "E_dim_serf_on": -310.4227622900391,
        "E_in_dim": 0.21993932315035636,
        "E_on_dim": -0.35984128763800527,
        "E_sol": 0.49700717696385066,
        "E_surf_in": -302.65127425648535,
        "E_surf_on": -302.65127425648535
    }
}