{"A-A":{"A0":0.19495641435069108,"A1":0.0023440933441455825,"p":7.387200189686479,"q":2.1039316518933178,"qsi":1.4273909209637377},"A-B":{"A0":0.0389843749999997,"A1":0.01,"p":0.2695312500000008,"q":6.9108364459816e-310,"qsi":6.952869579577e-310}}