{"B":0.05626508164135321,"C_11":0.49953183459088013,"C_12":-0.3307365896668205,"C_44":0.0005624854831396758,"E_c":-4.449784162214358}