{"A-A":{"A0":0.0683419829845017,"A1":0.24647306899430402,"p":27.236387514324125,"q":2.97275662117164,"qsi":1.054148111175058},"A-B":{"A0":0.019999999999999983,"A1":4.67149807626667e-310,"p":-0.644482421874957,"q":5.34e-322,"qsi":6.93683356134775e-310}}