{"A-A":{"A0":0.1468685102654319,"A1":-0.11776439048542531,"p":5.838967611898792,"q":-0.5104937974107607,"qsi":0.234642512462031},"A-B":{"A0":-0.011539692859583022,"A1":-0.4774811873604337,"p":14.455471518149494,"q":0.4343304213392251,"qsi":0.7691151687120222}}