{"A-A":{"A0":0.1028,"A1":0.15249267578125,"p":11.028,"q":3.0389999999999997,"qsi":1.178},"A-B":{"A0":0.1028,"A1":0.15,"p":10.928,"q":3.139,"qsi":1.178},"B-B":{"A0":0.1028,"A1":0.15,"p":10.928,"q":3.139,"qsi":1.178}}