{"A-A":{"A0":6.9512560915383e-310,"A1":1e-323,"p":2.36872034e-315,"q":6.95125609139324e-310,"qsi":6.9530337551378e-310},"A-B":{"A0":6.95125608626563e-310,"A1":6.95125609135095e-310,"p":0.0,"q":6.95125598243353e-310,"qsi":2.5e-323}}