{"A-A":{"A0":6.90359237909423e-310,"A1":3.725e-321,"p":6.90359236193103e-310,"q":6.8864282081e-313,"qsi":-6.0576166928850335e-114},"A-B":{"A0":6.95260305119247e-310,"A1":6.95260305119247e-310,"p":2.17e-322,"q":6.9526030512304e-310,"qsi":6.95260305121066e-310}}