{"A-A":{"A0":0.15210535714977158,"A1":-0.3557863442233644,"p":4.7211660111511025,"q":3.082763287291421,"qsi":1.102282534053956},"A-B":{"A0":0.1708599600707498,"A1":-0.04359013915404398,"p":18.7288953526074,"q":3.473694851484282,"qsi":1.6269429911771967},"B-B":{"A0":0.19266606003964604,"A1":0.0014098701941526637,"p":8.082524645900712,"q":2.6072457287911095,"qsi":2.154297234509696},"final_energies":{"B":1.0844931999363994,"C_11":1.3180669535285403,"C_12":0.9674621225970161,"C_44":0.5099512581588149,"E_A":-319.6665178600542,"E_AB":-321.51964269320314,"E_adatom+surf_in":-300.028701510578,"E_adatom+surf_on":-301.8346496617724,"E_c":-2.9598751653708724,"E_coh_A":-2.9598751653708724,"E_coh_B":-5.31,"E_dim_serf_in":-301.72510519733805,"E_dim_serf_on":-306.19282110398893,"E_in_dim":-89999.20174991607,"E_on_dim":-91328.28097569056,"E_sol":0.4970000014802163,"E_surf_in":-298.29361354265575,"E_surf_on":-298.29361354265575}}