{"A-A":{"A0":0.12343379910718467,"A1":0.8345843019983452,"p":14.868769767456184,"q":2.482691066477666,"qsi":1.4345284458378575},"A-B":{"A0":0.10723773981620965,"A1":0.2439356417330304,"p":13.95276162864425,"q":5.85898933817326,"qsi":1.9267033733968404},"B-B":{"A0":0.16288398833339995,"A1":0.1274144968831499,"p":19.05064685142996,"q":2.2210766038730254,"qsi":1.2127194822152512}}